STATIONS_ID	NAME	FEDERAL_STATE
00001	Aach	Baden-Württemberg
00003	Aachen	Nordrhein-Westfalen
00011	Donaueschingen (Landeplatz)	Baden-Württemberg
00044	Großenkneten	Niedersachsen
00052	Ahrensburg-Wulfsdorf	Schleswig-Holstein
00061	Aiterhofen	Bayern
00070	Albstadt-Ebingen	Baden-Württemberg
00071	Albstadt-Badkap	Baden-Württemberg
00072	Albstadt-Onstmettingen	Baden-Württemberg
00073	Aldersbach-Kramersepp	Bayern
00078	Alfhausen	Niedersachsen
00090	Alsfeld	Hessen
00091	Alsfeld-Eifa	Hessen
00093	Alsfeld-Reibertenrod	Hessen
00096	Neuruppin-Alt Ruppin	Brandenburg
00098	Altastenberg	Nordrhein-Westfalen
00102	Leuchtturm Alte Weser	Niedersachsen
00106	Altenau	Niedersachsen
00116	Altenburg	Thüringen
00125	Altenstadt	Bayern
00126	Uffenheim (Schulstr.)	Bayern
00129	Altentreptow	Mecklenburg-Vorpommern
00131	Geringswalde-Altgeringswalde	Sachsen
00132	Altglashütte	Bayern
00142	Altomünster-Maisbrunn	Bayern
00150	Alzey	Rheinland-Pfalz
00151	Amberg-Unterammersricht	Bayern
00154	Amerang-Pfaffing	Bayern
00161	Andernach	Rheinland-Pfalz
00164	Angermünde	Brandenburg
00167	Anklam	Mecklenburg-Vorpommern
00169	Annaberg-Buchholz	Sachsen
00172	Annaturm	Niedersachsen
00174	Annweiler-Bindersbach	Rheinland-Pfalz
00175	Ansbach	Bayern
00176	Ansbach-Claffheim	Bayern
00177	Ansbach-Hennenbach	Bayern
00181	Arendsee	Sachsen-Anhalt
00183	Arkona	Mecklenburg-Vorpommern
00184	Arneburg	Sachsen-Anhalt
00185	Arnis	Schleswig-Holstein
00186	Arnsberg	Nordrhein-Westfalen
00191	Arnstein-Müdesheim	Bayern
00193	Arolsen-Neu Berich	Hessen
00197	Arolsen-Volkhardinghausen, Bad	Hessen
00198	Artern	Thüringen
00202	Aschaffenburg	Bayern
00207	Aschersleben	Sachsen-Anhalt
00211	Aßlar Klein-Altenstädten	Hessen
00217	Attenkam	Bayern
00221	Au i.d.Hallertau-Günzenhausen	Bayern
00222	Aue	Sachsen
00231	Augsburg (Sankt Stephan)	Bayern
00232	Augsburg	Bayern
00243	Aurich	Niedersachsen
00257	Baden-Baden-Geroldsau	Baden-Württemberg
00259	Müllheim	Baden-Württemberg
00268	Baiersbronn-Obertal	Baden-Württemberg
00273	Baindt	Baden-Württemberg
00282	Bamberg	Bayern
00283	Bamberg-Altenburg	Bayern
00284	Bamberg (Sternwarte)	Bayern
00288	Bargischow-Gnevezin	Mecklenburg-Vorpommern
00294	Barsinghausen-Hohenbostel	Niedersachsen
00298	Barth	Mecklenburg-Vorpommern
00303	Baruth	Brandenburg
00314	Kubschütz, Kr. Bautzen	Sachsen
00320	Heinersreuth-Vollhof	Bayern
00321	Bayrischzell	Bayern
00326	Beckum-Unterberg	Nordrhein-Westfalen
00327	Bederkesa	Niedersachsen
00330	Oberzent-Beerfelden	Hessen
00335	Behrensdorf	Schleswig-Holstein
00341	Bellingen, Bad	Baden-Württemberg
00342	Belm	Niedersachsen
00348	Bendorf	Rheinland-Pfalz
00350	Benneckenstein	Sachsen-Anhalt
00351	Oberharz am Brocken-Sorge	Sachsen-Anhalt
00355	Bensheim	Hessen
00361	Berchtesgaden (KKst)	Bayern
00365	Berg/Oberpfalz	Bayern
00368	Bergen	Niedersachsen
00377	Bergzabern, Bad	Rheinland-Pfalz
00379	Berka, Bad (Flugplatz)	Thüringen
00386	Berleburg, Bad	Nordrhein-Westfalen
00390	Berleburg, Bad-Stünzel	Nordrhein-Westfalen
00395	Berlin-Adlershof	Berlin
00399	Berlin-Alexanderplatz	Berlin
00400	Berlin-Buch	Berlin
00402	Berlin-Dahlem (LFAG)	Berlin
00403	Berlin-Dahlem (FU)	Berlin
00405	Berlin-Friedrichshagen	Berlin
00407	Berlin-Frohnau	Berlin
00408	Berlin-Invalidenstraße	Berlin
00410	Berlin-Kaniswall	Berlin
00416	Berlin-Lichtenrade	Berlin
00417	Berlin-Lichterfelde (Süd)	Berlin
00420	Berlin-Marzahn	Berlin
00422	Berlin-Mitte	Berlin
00424	Berlin-Ostkreuz	Berlin
00425	Berlin-Rudow	Berlin
00427	Berlin Brandenburg	Brandenburg
00429	Berlin-Spandau	Berlin
00430	Berlin-Tegel	Berlin
00432	Berlin-Tegeler Fliesstal	Berlin
00433	Berlin-Tempelhof	Berlin
00434	Berlin-Treptow	Berlin
00435	Berlin-Zehlendorf	Berlin
00445	Bernburg/Saale (Nord)	Sachsen-Anhalt
00450	Bernkastel-Kues	Rheinland-Pfalz
00458	Bertrich, Bad	Rheinland-Pfalz
00460	Berus	Saarland
00474	Warthausen-Birkenhard	Baden-Württemberg
00480	Biedenkopf-Wallau	Hessen
00502	Bischbrunn	Bayern
00508	Bischofsgrün	Bayern
00524	Bitterfeld	Sachsen-Anhalt
00526	Blankenburg, Bad	Thüringen
00535	Blankenrath	Rheinland-Pfalz
00550	Bobeck	Thüringen
00553	Bocholt (Marienschule)	Nordrhein-Westfalen
00554	Bocholt-Liedern (Wasserwerk)	Nordrhein-Westfalen
00555	Bochum	Nordrhein-Westfalen
00570	Bodenmais-Mais	Bayern
00576	Böblingen	Baden-Württemberg
00578	Böhming	Bayern
00588	Boffzen	Niedersachsen
00591	Boizenburg	Mecklenburg-Vorpommern
00592	Bokel	Schleswig-Holstein
00594	Boll, Bad (KKst)	Baden-Württemberg
00596	Boltenhagen	Mecklenburg-Vorpommern
00598	Bonn	Nordrhein-Westfalen
00599	Bonn-Friesdorf	Nordrhein-Westfalen
00603	Königswinter-Heiderhof	Nordrhein-Westfalen
00606	Boos	Bayern
00614	Borgentreich-Bühne	Nordrhein-Westfalen
00617	Borken in Westfalen	Nordrhein-Westfalen
00619	Borkum-Süderstraße	Niedersachsen
00634	Boxberg-Seehof	Baden-Württemberg
00635	Boxberg-Seehof (West)	Baden-Württemberg
00636	Boxberg-Seehof (Wind-3m)	Baden-Württemberg
00642	Brake	Niedersachsen
00643	Brake-Süderfeld	Niedersachsen
00645	Bramsche	Niedersachsen
00648	Brande-Hörnerkirchen	Schleswig-Holstein
00650	Brandenburg-Görden	Brandenburg
00652	Hagenbüchach	Bayern
00656	Braunlage	Niedersachsen
00657	Braunlage-Hohegeiß	Niedersachsen
00660	Braunschweig-Gliesmarode	Niedersachsen
00661	Braunschweig (T.H.)	Niedersachsen
00662	Braunschweig	Niedersachsen
00675	Breisach-Eckartsberg	Baden-Württemberg
00685	Breitsol	Bayern
00691	Bremen	Bremen
00699	Bremen-Seefahrtschule	Bremen
00701	Bremerhaven	Bremen
00702	Bremerhaven-Speckenbüttel	Bremen
00703	Bremervörde (A)	Niedersachsen
00704	Bremervörde	Niedersachsen
00705	Bremervörde-Niederochtenhausen	Niedersachsen
00706	Eschbach	Baden-Württemberg
00710	Bretten	Baden-Württemberg
00717	Brilon	Nordrhein-Westfalen
00722	Brocken	Sachsen-Anhalt
00727	Brombachtal-Kirch-Brombach	Hessen
00728	Brotjacklriegel (UBA)	Bayern
00729	Brotterode	Thüringen
00736	Brücken	Rheinland-Pfalz
00743	Brüggen (Flugplatz)	Nordrhein-Westfalen
00748	Brunsbüttel (Schleuse)	Schleswig-Holstein
00755	Buchen, Kr. Neckar-Odenwald	Baden-Württemberg
00757	Buchenbach	Baden-Württemberg
00760	Rosengarten-Klecken	Niedersachsen
00766	Büchel-Alflen	Rheinland-Pfalz
00769	Bückeburg	Niedersachsen
00771	Büdingen	Hessen
00772	Bühlertal	Baden-Württemberg
00773	Bühlertal-Obertal	Baden-Württemberg
00781	Bühren-Ahden	Nordrhein-Westfalen
00788	Büsum	Schleswig-Holstein
00793	Buhlenberg	Rheinland-Pfalz
00817	Burgwald-Bottendorf	Hessen
00829	Butzbach-Bodenrod	Hessen
00840	Carlsfeld	Sachsen
00848	Celle (Stadt)	Niedersachsen
00850	Celle	Niedersachsen
00851	Pemfling-Pitzling	Bayern
00853	Chemnitz	Sachsen
00856	Chieming	Bayern
00860	Algermissen-Groß Lobke	Niedersachsen
00863	Clausthal-Zellerfeld	Niedersachsen
00865	Cloppenburg	Niedersachsen
00867	Lautertal-Oberlauter	Bayern
00876	Collmberg	Sachsen
00879	Cottbus (Flugplatz)	Brandenburg
00880	Cottbus	Brandenburg
00881	Crailsheim-Alexandersreut	Baden-Württemberg
00888	Crimmitschau	Sachsen
00891	Cuxhaven	Niedersachsen
00896	Dachwig	Thüringen
00909	Damsdorf	Schleswig-Holstein
00917	Darmstadt	Hessen
00918	Darmstadt (A)	Hessen
00919	Darmstadt-Botanischer Garten	Hessen
00920	Darmstadt (US-Air-Base)	Hessen
00927	Daun	Rheinland-Pfalz
00931	Deggenhausertal-Azenweiler	Baden-Württemberg
00948	Dessau	Sachsen-Anhalt
00950	Detmold	Nordrhein-Westfalen
00953	Deuselbach	Rheinland-Pfalz
00954	UFS Deutsche Bucht	Hamburg
00963	Diepholz	Niedersachsen
00964	Dierfeld	Rheinland-Pfalz
00965	Diesbar-Seußlitz	Sachsen
00970	Dietenhofen	Bayern
00979	Dillenburg	Hessen
00981	Dillingen (Saar)	Saarland
00982	Dillingen/Donau	Bayern
00983	Dillingen/Donau-Fristingen	Bayern
00991	Dippoldiswalde-Reinberg	Sachsen
00998	Dobel	Baden-Württemberg
01000	Doberan, Bad-Heiligendamm	Mecklenburg-Vorpommern
01001	Doberlug-Kirchhain	Brandenburg
01003	Döbeln	Sachsen
01006	Dömitz	Mecklenburg-Vorpommern
01010	Dörpen (Kläranlage)	Niedersachsen
01011	Dörrmoschel-Felsbergerhof	Rheinland-Pfalz
01013	Dogern	Baden-Württemberg
01018	Donaueschingen	Baden-Württemberg
01032	Dortmund	Nordrhein-Westfalen
01035	Dortmund-Wickede	Nordrhein-Westfalen
01047	Dresden (Mitte)	Sachsen
01048	Dresden-Klotzsche	Sachsen
01050	Dresden-Hosterwitz	Sachsen
01051	Dresden-Strehlen	Sachsen
01052	Möckern-Drewitz	Sachsen-Anhalt
01053	Driburg, Bad	Nordrhein-Westfalen
01066	Duderstadt	Niedersachsen
01072	Dürkheim, Bad	Rheinland-Pfalz
01073	Dürkheim, Bad (Saline)	Rheinland-Pfalz
01074	Dürrenberg, Bad	Sachsen-Anhalt
01076	Dürrheim, Bad	Baden-Württemberg
01078	Düsseldorf	Nordrhein-Westfalen
01079	Düsseldorf-Südfriedhof	Nordrhein-Westfalen
01084	Duisburg-Friemersheim	Nordrhein-Westfalen
01087	Duisburg-Laar	Nordrhein-Westfalen
01091	Ebeleben	Thüringen
01102	Ebersbach/Fils	Baden-Württemberg
01103	Ebersberg-Halbing	Bayern
01106	Eberswalde	Brandenburg
01107	Ebrach	Bayern
01126	Egelsbach	Hessen
01130	Eggebek	Schleswig-Holstein
01146	Ehningen	Baden-Württemberg
01154	Eiberg	Bayern
01161	Eichstätt-Landershofen	Bayern
01163	Eidersperrwerk	Schleswig-Holstein
01169	Eimeldingen	Baden-Württemberg
01172	Einbeck	Niedersachsen
01182	Eisleben-Helfta	Sachsen-Anhalt
01188	Elgersburg	Thüringen
01197	Ellwangen-Rindelbach	Baden-Württemberg
01200	Elpersbüttel	Schleswig-Holstein
01201	Elsdorf/Erftkreis	Nordrhein-Westfalen
01204	Elsfleth	Niedersachsen
01207	Elster, Bad-Sohl	Sachsen
01214	Elzach-Fisnacht	Baden-Württemberg
01219	Emden-Nesserland	Niedersachsen
01221	Emden-Wolthusen	Niedersachsen
01224	Emmendingen-Mundingen	Baden-Württemberg
01228	UFS TW Ems	Hamburg
01229	Ems, Bad	Rheinland-Pfalz
01238	Engelskirchen	Nordrhein-Westfalen
01239	Engen/Hegau	Baden-Württemberg
01243	Eningen	Baden-Württemberg
01246	Ennigerloh-Ostenfelde	Nordrhein-Westfalen
01254	Eppingen	Baden-Württemberg
01255	Eppingen-Elsenz	Baden-Württemberg
01261	Erding	Bayern
01262	München-Flughafen	Bayern
01266	Erfde	Schleswig-Holstein
01270	Erfurt-Weimar	Thüringen
01275	Ering	Bayern
01276	Eriskirch-Mariabrunn	Baden-Württemberg
01279	Möhrendorf-Kleinseebach	Bayern
01280	Erlangen-Bruck	Bayern
01281	Erlangen-Frauenaurach	Bayern
01287	Eschau-Hobbach	Bayern
01292	Eschenbach/Oberpfalz	Bayern
01297	Eschwege	Hessen
01299	Esens	Niedersachsen
01300	Eslohe	Nordrhein-Westfalen
01303	Essen-Bredeney	Nordrhein-Westfalen
01327	Weilerswist-Lommersum	Nordrhein-Westfalen
01329	Eutin	Schleswig-Holstein
01332	Falkenberg,Kr.Rottal-Inn	Bayern
01339	Faßberg	Niedersachsen
01341	Fehmarnbelt	Schleswig-Holstein
01345	Feldberg	Mecklenburg-Vorpommern
01346	Feldberg/Schwarzwald	Baden-Württemberg
01347	Feldberg-Altglashütten	Baden-Württemberg
01357	Fichtelberg/Oberfranken-Hüttstadl	Bayern
01358	Fichtelberg	Sachsen
01359	Fichtelberg/Ofr	Bayern
01372	Fischen	Bayern
01374	Fladungen-Heufurt	Bayern
01378	Flensburg	Schleswig-Holstein
01379	Flensburg (Schäferhaus)	Schleswig-Holstein
01380	Flensburg-Mürwik	Schleswig-Holstein
01392	Flossenbürg	Bayern
01403	Frammersbach	Bayern
01410	Frankenhausen, Bad/Kyffhäuser	Thüringen
01411	Birx/Rhön	Thüringen
01415	Frankfurt (07W)	Hessen
01416	Frankfurt (18W)	Hessen
01420	Frankfurt/Main	Hessen
01421	Frankfurt/Main (Stadt)	Hessen
01422	Frankfurt (Henninger Turm)	Hessen
01423	Frankfurt/Main (Terminal)	Hessen
01424	Frankfurt/Main-Westend	Hessen
01425	Frankfurt/Main (Feldbergstr.)	Hessen
01426	Frankfurt/Oder	Brandenburg
01428	Frankweiler	Rheinland-Pfalz
01440	Freiamt-Ottoschwanden	Baden-Württemberg
01441	Freiberg	Sachsen
01443	Freiburg	Baden-Württemberg
01447	Freiburg im Breisgau-Herdern	Baden-Württemberg
01451	Freiburg/Elbe	Niedersachsen
01467	Freudenstadt-Kurgarten	Baden-Württemberg
01468	Freudenstadt	Baden-Württemberg
01473	Freystadt-Michelbach	Bayern
01481	Friedenweiler	Baden-Württemberg
01488	Friedrichsbrunn	Sachsen-Anhalt
01490	Friedrichshafen	Baden-Württemberg
01492	Malsburg-Marzell-Friedrichsheim	Baden-Württemberg
01493	Friedrichshöhe	Thüringen
01503	Friesoythe-Altenoythe	Niedersachsen
01504	Fritzlar/Eder	Hessen
01505	Fritzlar-Kasseler Warte	Hessen
01513	Fuchskauten	Rheinland-Pfalz
01515	Fürstenfeldbruck	Bayern
01522	Fürth/Bayern (A)	Bayern
01526	Fulda-Horas	Hessen
01544	Gardelegen	Sachsen-Anhalt
01550	Garmisch-Partenkirchen	Bayern
01552	Gartz/Oder	Brandenburg
01568	Gehlberg-Schmücke	Thüringen
01572	Geilenkirchen-Neutevern	Nordrhein-Westfalen
01580	Geisenheim	Hessen
01583	Geisingberg	Sachsen
01584	Geisingen	Baden-Württemberg
01586	Traunstein-Geißing	Bayern
01587	Gelbelsee	Bayern
01590	Geldern-Walbeck	Nordrhein-Westfalen
01593	Gelnhausen	Hessen
01602	Ohlsbach	Baden-Württemberg
01605	Genthin	Sachsen-Anhalt
01612	Gera-Leumnitz	Thüringen
01617	Gernrode	Sachsen-Anhalt
01619	Gernsheim	Hessen
01621	Geroda-Platz	Bayern
01623	Gersfeld	Hessen
01638	Gießen (Lahntal)	Hessen
01639	Gießen/Wettenberg	Hessen
01645	Gilserberg-Moischeid	Hessen
01666	Glücksburg-Meierwik	Schleswig-Holstein
01667	Glückstadt	Schleswig-Holstein
01672	Goch	Nordrhein-Westfalen
01684	Görlitz	Sachsen
01689	Gößweinstein	Bayern
01691	Göttingen	Niedersachsen
01694	Goldberg	Mecklenburg-Vorpommern
01709	Gottleuba, Bad	Sachsen
01721	Gräfenberg-Kasberg	Bayern
01735	Grainet-Rehberg	Bayern
01736	Grambek	Schleswig-Holstein
01748	Grebenhain-Herchenhain	Hessen
01757	Greifswald	Mecklenburg-Vorpommern
01758	Greifswald-Wieck	Mecklenburg-Vorpommern
01759	Greifswalder Oie	Mecklenburg-Vorpommern
01762	Greiz-Dölau	Thüringen
01766	Münster/Osnabrück	Nordrhein-Westfalen
01792	Groß Berßen	Niedersachsen
01803	Groß Lüsewitz	Mecklenburg-Vorpommern
01831	Großer Arber (Ost)	Bayern
01832	Großer Arber	Bayern
01833	Grosser Falkenstein	Bayern
01834	Grosser Inselsberg	Thüringen
01844	Feldkirchen-Westerham-Lenzmühle	Bayern
01849	Großmehring-Theißing	Bayern
01863	Gründau-Breitenborn	Hessen
01869	Grünow	Brandenburg
01873	Grund, Bad	Niedersachsen
01874	Grund, Bad (Erzbergwerk)	Niedersachsen
01875	Gschwend, Kr. Ostalb	Baden-Württemberg
01886	Günzburg	Bayern
01890	Güstrow-Schabernack	Mecklenburg-Vorpommern
01891	Rheda-Wiedenbrück-Lintel	Nordrhein-Westfalen
01892	Gütersloh (Flugplatz)	Nordrhein-Westfalen
01902	Gunzenhausen/Altmühlsee	Bayern
01920	Hagen-Fley	Nordrhein-Westfalen
01922	Hagen (Stadtsparkasse)	Nordrhein-Westfalen
01929	Hahnenklee	Niedersachsen
01957	Halle-Kröllwitz	Sachsen-Anhalt
01960	Halle (Stadt)	Sachsen-Anhalt
01963	Hallig Hooge	Schleswig-Holstein
01964	Olsdorf	Rheinland-Pfalz
01972	Hamburg-Bergedorf	Hamburg
01973	Hamburg-Botanischer Garten	Hamburg
01975	Hamburg-Fuhlsbüttel	Hamburg
01979	Hamburg-Kirchwerder	Hamburg
01981	Hamburg-Neuwiedenthal	Hamburg
01986	Hamburg-Reitbrook	Hamburg
01987	Hamburg-Sankt Pauli	Hamburg
01990	Hamburg-Wandsbek	Hamburg
01993	Hameln	Niedersachsen
02000	Hanau	Hessen
02005	Hankensbüttel	Niedersachsen
02014	Hannover	Niedersachsen
02023	Harburg	Bayern
02039	Harzburg, Bad	Niedersachsen
02044	Harzgerode	Sachsen-Anhalt
02048	Haseldorf	Schleswig-Holstein
02053	Hasselfelde	Sachsen-Anhalt
02055	Haßfurt	Bayern
02069	Hausstein	Bayern
02074	Hechingen	Baden-Württemberg
02078	Weddingstedt	Schleswig-Holstein
02080	Heidelberg	Baden-Württemberg
02081	Königstuhl	Baden-Württemberg
02083	Heidelberg-Grenzhof	Baden-Württemberg
02088	Heidenheim/Brenz	Baden-Württemberg
02092	Heidenrod-Mappershain	Hessen
02093	Heidmoor	Schleswig-Holstein
02095	Heilbronn	Baden-Württemberg
02100	Helgoland-Düne	Schleswig-Holstein
02110	Heinsberg-Schleiden	Nordrhein-Westfalen
02115	Helgoland	Schleswig-Holstein
02120	Helmstedt	Niedersachsen
02122	Helse, Kr. Dithmarschen	Schleswig-Holstein
02147	Herford	Nordrhein-Westfalen
02151	Herleshausen	Hessen
02158	Herrenalb, Bad	Baden-Württemberg
02159	Herrenberg	Baden-Württemberg
02160	Herrenhof	Thüringen
02166	Herrnhut	Sachsen
02167	Niederwörresbach	Rheinland-Pfalz
02171	Hersfeld, Bad	Hessen
02173	Herten	Nordrhein-Westfalen
02174	Herzberg	Niedersachsen
02201	Hiddensee-Vitte	Mecklenburg-Vorpommern
02206	Hildesheim	Niedersachsen
02207	Hildesheim (Flugplatz)	Niedersachsen
02211	Hilgenroth	Rheinland-Pfalz
02221	Hindelang-Unterjoch	Bayern
02223	Hindfeld	Thüringen
02225	Hinterhermsdorf	Sachsen
02226	Eisfeld-Waffenrod-Hinterrod	Thüringen
02228	Hinterzarten	Baden-Württemberg
02244	Höchenschwand	Baden-Württemberg
02250	Höllenstein (Kraftwerk)	Bayern
02252	Bertsdorf-Hörnitz	Sachsen
02253	Hörnum/Sylt	Schleswig-Holstein
02260	Hof (Stadt)	Bayern
02261	Hof	Bayern
02264	Hofgeismar-Beberbeck	Hessen
02268	Hofheim	Bayern
02289	Hohennauen	Brandenburg
02290	Hohenpeißenberg	Bayern
02297	Hohenwestedt	Schleswig-Holstein
02302	Hohlstedt-Kötschau	Thüringen
02303	Hohn	Schleswig-Holstein
02306	Hohwacht	Schleswig-Holstein
02315	Holzdorf-Bernsdorf	Brandenburg
02318	Holzhausen a.d. Haide	Rheinland-Pfalz
02319	Holzkirchen	Bayern
02323	Bevern, Kr. Holzminden	Niedersachsen
02324	Holzminden-Silberborn	Niedersachsen
02327	Homberg/Ohm	Hessen
02331	Homburg/Saar	Saarland
02338	Hopsten (Flugplatz)	Nordrhein-Westfalen
02344	Horlachen	Bayern
02349	Hornisgrinde	Baden-Württemberg
02352	Hottingen	Baden-Württemberg
02354	Hoyerswerda Kr. Bautzen	Sachsen
02360	Hüll	Bayern
02362	Hümmerich	Rheinland-Pfalz
02374	Husum	Schleswig-Holstein
02377	Kandern-Gupf	Baden-Württemberg
02385	Idar-Oberstein	Rheinland-Pfalz
02388	Ihringen	Baden-Württemberg
02393	Ilmenau	Thüringen
02396	Ilsenburg	Sachsen-Anhalt
02406	Ingelfingen	Baden-Württemberg
02410	Ingolstadt-Manching	Bayern
02417	Mittbach	Bayern
02422	Iserlohn-Westig	Nordrhein-Westfalen
02423	Isny	Baden-Württemberg
02429	Itzehoe	Schleswig-Holstein
02436	Jänickendorf	Brandenburg
02437	Schleswig-Jagel	Schleswig-Holstein
02444	Jena (Sternwarte)	Thüringen
02451	Jessen/Elster	Sachsen-Anhalt
02456	Jever	Niedersachsen
02464	Jork	Niedersachsen
02465	Jork-Moorende	Niedersachsen
02474	Jülich (Forsch.-Anlage)	Nordrhein-Westfalen
02475	Jüterbog	Brandenburg
02477	Jungholz (Kühmoos)	Baden-Württemberg
02480	Kahl/Main	Bayern
02482	Kahler Asten (A)	Nordrhein-Westfalen
02483	Kahler Asten	Nordrhein-Westfalen
02485	Kaisersbach-Cronhütte	Baden-Württemberg
02486	Kaiserslautern	Rheinland-Pfalz
02488	Kaisheim-Neuhof	Bayern
02493	Kalifornien	Schleswig-Holstein
02494	Kalkar	Nordrhein-Westfalen
02497	Kall-Sistig	Nordrhein-Westfalen
02502	Heiligenstadt, Heilbad-Kalteneber	Thüringen
02503	Kaltennordheim	Thüringen
02506	Kamenz	Sachsen
02521	Karlshuld	Bayern
02522	Karlsruhe	Baden-Württemberg
02532	Kassel	Hessen
02533	Kassel-Harleshausen	Hessen
02536	Kassel-Wilhelmshöhe (A)	Hessen
02542	Kaufbeuren	Bayern
02543	Kaufering	Bayern
02546	Kehl-Odelshofen	Baden-Württemberg
02559	Kempten	Bayern
02564	Kiel-Holtenau	Schleswig-Holstein
02565	Kiel-Kronshagen	Schleswig-Holstein
02573	Waging am See-Schnöbling	Bayern
02575	Kirchberg/Jagst-Herboldshausen	Baden-Württemberg
02578	Kirchdorf/Poel	Mecklenburg-Vorpommern
02597	Kissingen, Bad	Bayern
02600	Kitzingen	Bayern
02601	Kleiner Feldberg/Taunus	Hessen
02609	Klein Rönnau	Schleswig-Holstein
02618	Kleiner Inselsberg	Thüringen
02621	Kleinmachnow	Brandenburg
02627	Schipkau-Klettwitz	Brandenburg
02629	Kleve	Nordrhein-Westfalen
02638	Klippeneck	Baden-Württemberg
02641	Klitzschen bei Torgau	Sachsen
02649	Klosterlausnitz, Bad	Thüringen
02654	Knittlingen	Baden-Württemberg
02656	Koblenz	Rheinland-Pfalz
02657	Koblenz-Horchheim	Rheinland-Pfalz
02665	Köln-Botanischer Garten	Nordrhein-Westfalen
02667	Köln/Bonn	Nordrhein-Westfalen
02680	Königshofen, Bad	Bayern
02689	Königsmoor	Niedersachsen
02691	Königsmoos-Untermaxfeld	Bayern
02693	Königstein/Taunus	Hessen
02700	Kösching	Bayern
02701	Kösen, Bad	Sachsen-Anhalt
02703	Köterberg	Nordrhein-Westfalen
02704	Köthen (Anhalt)	Sachsen-Anhalt
02708	Kohlgrub, Bad (Rosshof)	Bayern
02712	Konstanz	Baden-Württemberg
02713	Konstanz (Stadtgärtnerei)	Baden-Württemberg
02717	Korbach-Lengefeld	Hessen
02738	Kreuth	Bayern
02750	Kronach	Bayern
02757	Krozingen, Bad	Baden-Württemberg
02758	Krozingen, Bad-Hausen	Baden-Württemberg
02761	Krumbach-Edenhausen	Bayern
02770	Kükels	Schleswig-Holstein
02773	Kümmersbruck	Bayern
02775	Künzelsau	Baden-Württemberg
02780	Kulmbach	Bayern
02783	Kumhausen	Bayern
02790	Kusel-Fünfbirken	Rheinland-Pfalz
02794	Kyritz	Brandenburg
02796	Laage-Kronskamp	Mecklenburg-Vorpommern
02798	Laarbruch	Nordrhein-Westfalen
02812	Lahr	Baden-Württemberg
02814	Merklingen	Baden-Württemberg
02821	Lamspringe	Niedersachsen
02829	Landsberg (Flugplatz)	Bayern
02830	Landsberg/Lech	Bayern
02831	Landshut	Bayern
02856	Langenlipsdorf	Brandenburg
02857	Langensalza, Bad	Thüringen
02861	Langeoog	Niedersachsen
02872	Lathen	Niedersachsen
02878	Lauchstädt, Bad	Sachsen-Anhalt
02879	Lauda-Königshofen-Gerlachsheim	Baden-Württemberg
02886	Laupheim	Baden-Württemberg
02889	Lauterberg, Bad (A)	Niedersachsen
02897	Lautertal-Hörgenau	Hessen
02905	Lechfeld	Bayern
02906	Leck (A)	Schleswig-Holstein
02907	Leck	Schleswig-Holstein
02912	Lehbek	Schleswig-Holstein
02915	Lehesten/Thüringer Wald	Thüringen
02920	Leiblfing	Bayern
02923	Leinau	Bayern
02925	Leinefelde	Thüringen
02926	Leipheim (Flugplatz)	Bayern
02928	Leipzig-Holzhausen	Sachsen
02931	Leipzig-Mockau	Sachsen
02932	Leipzig/Halle	Sachsen
02947	Lennestadt-Theten	Nordrhein-Westfalen
02949	Lenningen-Schopfloch	Baden-Württemberg
02950	Lensahn	Schleswig-Holstein
02951	Lenzen/Elbe	Brandenburg
02953	Lenzkirch-Ruhbühl	Baden-Württemberg
02954	Lenzkirch-Saig	Baden-Württemberg
02961	Leuchtturm Kiel	Schleswig-Holstein
02963	Leunawerke	Sachsen-Anhalt
02968	Köln-Stammheim	Nordrhein-Westfalen
02985	Lichtenhain-Mittelndorf	Sachsen
02996	Liebenzell, Bad	Baden-Württemberg
03001	Liliental	Baden-Württemberg
03004	Limburg/Lahn-Offheim	Hessen
03007	Limburgerhof	Rheinland-Pfalz
03015	Lindenberg	Brandenburg
03016	Lindenberg/Allgäu	Bayern
03017	Lindenfels	Hessen
03018	Lindenfels-Winterkasten	Hessen
03023	Lingen	Niedersachsen
03028	Lippspringe, Bad	Nordrhein-Westfalen
03031	Lippstadt-Bökenförde	Nordrhein-Westfalen
03032	List auf Sylt	Schleswig-Holstein
03034	Lobenstein, Bad	Thüringen
03042	Löhnberg-Obershausen	Hessen
03044	Löningen	Niedersachsen
03045	Löningen-Hagel	Niedersachsen
03046	Löningen-Schnetlage	Niedersachsen
03056	Lohr/Main-Steinbach	Bayern
03062	Lorch/Rhein	Hessen
03076	Ludwigshafen-Mundenheim	Rheinland-Pfalz
03082	Lübben	Brandenburg
03083	Lübben-Blumenfelde	Brandenburg
03085	Lübeck	Schleswig-Holstein
03086	Lübeck-Blankensee	Schleswig-Holstein
03088	Lübeck-Werft	Schleswig-Holstein
03093	Lüchow	Niedersachsen
03096	Lüdenscheid (Zeppelin-Gymnasium)	Nordrhein-Westfalen
03098	Lüdenscheid	Nordrhein-Westfalen
03101	Lüdinghausen	Nordrhein-Westfalen
03103	Lüneburg	Niedersachsen
03113	Luisenthal/Ohra	Thüringen
03126	Magdeburg	Sachsen-Anhalt
03135	Mainhardt-Ziegelbronn	Baden-Württemberg
03137	Mainz-Lerchenberg (ZDF)	Rheinland-Pfalz
03138	Mainz-Finthen	Rheinland-Pfalz
03139	Maisach-Gernlinden	Bayern
03145	Malente, Bad-Gremsmühlen	Schleswig-Holstein
03147	Mallersdorf-Pfaffenberg-Oberlindhart	Bayern
03155	Manderscheid-Sonnenhof	Rheinland-Pfalz
03158	Manschnow	Brandenburg
03160	Vatterode-Gräfenstuhl	Sachsen-Anhalt
03164	Cölbe, Kr. Marburg-Biedenkopf	Hessen
03166	Marienberg	Sachsen
03167	Marienberg, Bad	Rheinland-Pfalz
03170	Marienleuchte	Schleswig-Holstein
03181	Markt Erlbach-Hagenhofen	Bayern
03196	Marnitz	Mecklenburg-Vorpommern
03204	Martinroda	Thüringen
03211	Mauth-Finsterau	Bayern
03212	Mayen	Rheinland-Pfalz
03222	Meerbeck	Niedersachsen
03223	Meersburg	Baden-Württemberg
03226	Aschersleben-Mehringen	Sachsen-Anhalt
03227	Meinberg, Bad	Nordrhein-Westfalen
03228	Meinerzhagen (A)	Nordrhein-Westfalen
03231	Meiningen	Thüringen
03234	Klipphausen-Garsebach	Sachsen
03236	Melle	Niedersachsen
03244	Memmingen	Bayern
03245	Memmingen (Flugplatz)	Bayern
03246	Mendig	Rheinland-Pfalz
03253	Sankt Blasien-Menzenschwand	Baden-Württemberg
03254	Meppen	Niedersachsen
03256	Merdingen	Baden-Württemberg
03257	Mergentheim, Bad	Baden-Württemberg
03265	Mespelbrunn	Bayern
03268	Meßstetten-Appental	Baden-Württemberg
03271	Metten	Bayern
03274	Mettlach-Orscholz (Kurort)	Saarland
03278	Metzingen	Baden-Württemberg
03284	Michelstadt	Hessen
03287	Michelstadt-Vielbrunn	Hessen
03289	Schmieritz-Weltwitz	Thüringen
03291	Miltenberg	Bayern
03300	Mittel-Gründau	Hessen
03307	Mittenwald-Buckelwiesen	Bayern
03313	Modautal-Neunkirchen	Hessen
03317	Mölln	Schleswig-Holstein
03319	Röllbach	Bayern
03320	Mönchengladbach	Nordrhein-Westfalen
03321	Mönchengladbach-Hilderath	Nordrhein-Westfalen
03340	Montabaur	Rheinland-Pfalz
03348	Moringen-Lutterbeck	Niedersachsen
03358	Mücka	Sachsen
03362	Mühlacker	Baden-Württemberg
03366	Mühldorf	Bayern
03369	Mühlenrade	Schleswig-Holstein
03370	Mühlhausen	Thüringen
03376	Müncheberg	Brandenburg
03379	München-Stadt	Bayern
03382	München-Bogenhausen	Bayern
03383	München-Botanischer Garten	Bayern
03385	München-Nymphenburg	Bayern
03388	München-Perlach	Bayern
03390	München-Riem	Bayern
03402	Münsingen-Apfelstetten	Baden-Württemberg
03404	Münster	Nordrhein-Westfalen
03419	Leutenberg-Steinsdorf	Thüringen
03425	Murrhardt	Baden-Württemberg
03426	Muskau, Bad	Sachsen
03432	Nagold	Baden-Württemberg
03442	Nauheim, Bad	Hessen
03478	Neubrandenburg	Mecklenburg-Vorpommern
03484	Neuburg an der Donau	Bayern
03485	Neuburg/Kammel-Langenhaslach	Bayern
03486	Neudenau	Baden-Württemberg
03490	Neuenahr, Bad-Ahrweiler	Rheinland-Pfalz
03493	Neuenburg-Zinken	Baden-Württemberg
03509	Stechlin-Menz	Brandenburg
03513	Neuhaus am Rennweg	Thüringen
03518	Neuhausen ob Eck	Baden-Württemberg
03519	Neuhausen ob Eck-Unterschwandorf	Baden-Württemberg
03527	Neukirchen-Hauptschwenda	Hessen
03532	Neuland	Schleswig-Holstein
03534	Neumarkt-Höhenberg	Bayern
03537	Neumünster	Schleswig-Holstein
03540	Neunkirchen-Seelscheid-Krawinkel	Nordrhein-Westfalen
03541	Neunkirchen-Seelscheid-Meisenbach	Nordrhein-Westfalen
03542	Neunkirchen/Saar	Saarland
03545	Neunkirchen-Wellesweiler	Saarland
03552	Neuruppin	Brandenburg
03565	Neustadt/Aisch	Bayern
03571	Neustadt am Kulm-Filchendorf	Bayern
03575	Neustadt/Weinstraße	Rheinland-Pfalz
03576	Neustadt/Weinstraße (Heidehof)	Rheinland-Pfalz
03577	Neustrelitz	Mecklenburg-Vorpommern
03578	Regensburg-Burgweinting	Bayern
03590	Nidderau-Windecken	Hessen
03591	Nideggen-Schmidt	Nordrhein-Westfalen
03595	Niederelbert	Rheinland-Pfalz
03603	Niederstetten	Baden-Württemberg
03605	Niederstotzingen	Baden-Württemberg
03612	Nienburg	Niedersachsen
03621	Reimlingen	Bayern
03623	Nörvenich-Niederbolheim	Nordrhein-Westfalen
03631	Norderney	Niedersachsen
03639	Nordholz-Wanhöden	Niedersachsen
03640	Nordhorn-Blanke	Niedersachsen
03651	Northeim-Stöckheim	Niedersachsen
03657	Nümbrecht auf dem Lindchen	Nordrhein-Westfalen
03658	Nümbrecht-Distelkamp	Nordrhein-Westfalen
03659	Nürburg	Rheinland-Pfalz
03660	Nürburg-Barweiler	Rheinland-Pfalz
03661	Nürnberg (Hochhaus)	Bayern
03666	Nürnberg-Buchenbuehl	Bayern
03667	Nürnberg-Netzstall	Bayern
03668	Nürnberg	Bayern
03671	Nürtingen	Baden-Württemberg
03672	Nufringen	Baden-Württemberg
03679	Kiefersfelden-Gach	Bayern
03694	Oberhof	Thüringen
03702	Münstertal-Obermünstertal	Baden-Württemberg
03705	Oberndorf/Neckar-Aistaig	Baden-Württemberg
03722	Oberschleißheim	Bayern
03727	Oberstaufen-Kalzhofen	Bayern
03730	Oberstdorf	Bayern
03734	Obersulm-Willsbach	Baden-Württemberg
03735	Obertaufkirchen	Bayern
03739	Oberviechtach	Bayern
03744	Oberweser-Gieselwerder	Hessen
03751	Ochsenhausen-Mittelbuch	Baden-Württemberg
03752	Ochsenkopf	Bayern
03753	Ochtrup	Nordrhein-Westfalen
03761	Öhringen	Baden-Württemberg
03775	Offenbach/Main (Zentrallabor)	Hessen
03776	Offenbach/M. (Stadt)	Hessen
03777	Offenburg	Baden-Württemberg
03788	Olbersdorf	Sachsen
03790	Oldenburg (A)	Niedersachsen
03791	Oldenburg	Niedersachsen
03811	Oschatz	Sachsen
03815	Osnabrück	Niedersachsen
03818	Osterburg	Sachsen-Anhalt
03821	Osterfeld	Sachsen-Anhalt
03825	Osterhof	Saarland
03836	Ostheim v.d. Rhön	Bayern
03856	Oy-Mittelberg	Bayern
03857	Oy-Mittelberg-Petersthal	Bayern
03867	Papenburg	Niedersachsen
03875	Parsberg/Oberpfalz-Eglwang	Bayern
03878	Passau-Maierhof	Bayern
03879	Passau-Oberhaus	Bayern
03883	Pausa-Unterreichenau	Sachsen
03897	Pelzerhaken	Schleswig-Holstein
03903	Perl-Besch	Saarland
03904	Perl-Nennig	Saarland
03905	Perl-Sinz-Renglischberg	Saarland
03915	Petkus	Brandenburg
03921	Pferdsfeld	Rheinland-Pfalz
03922	Pfofeld-Langlau	Bayern
03924	Pforzheim-Eutingen	Baden-Württemberg
03925	Pforzheim-Ispringen	Baden-Württemberg
03927	Pfullendorf	Baden-Württemberg
03929	Philippsburg	Baden-Württemberg
03939	Pirmasens	Rheinland-Pfalz
03946	Plauen	Sachsen
03954	Plön (Max-Planck-Institut)	Schleswig-Holstein
03955	Plön (See)	Schleswig-Holstein
03974	Pommelsbrunn	Bayern
03975	Pommelsbrunn-Mittelburg	Bayern
03987	Potsdam	Brandenburg
03988	Potsdam (Säkularstation)	Brandenburg
04005	Prien-Stock	Bayern
04018	Puch	Bayern
04024	Putbus	Mecklenburg-Vorpommern
04029	Quakenbrück	Niedersachsen
04032	Quedlinburg	Sachsen-Anhalt
04036	Querfurt-Mühle Lodersleben	Sachsen-Anhalt
04038	Quickborn (Kurzer Kamp)	Schleswig-Holstein
04039	Quickborn	Schleswig-Holstein
04053	Radolfzell-Markelfingen	Baden-Württemberg
04063	Rahden-Kleinendorf	Nordrhein-Westfalen
04066	Raisting	Bayern
04077	Rastatt	Baden-Württemberg
04079	Rastenberg	Thüringen
04091	Rauschberg bei Ruhpolding	Bayern
04094	Weingarten, Kr. Ravensburg	Baden-Württemberg
04100	Recklinghausen	Nordrhein-Westfalen
04104	Regensburg	Bayern
04125	Reichenhall, Bad	Bayern
04127	Reichshof-Eckenhagen	Nordrhein-Westfalen
04149	Marienberg-Reitzenhain	Sachsen
04152	Remetschwiel	Baden-Württemberg
04154	Remscheid-Lennep	Nordrhein-Westfalen
04156	Rendsburg	Schleswig-Holstein
04157	Rengsdorf (Kurort)	Rheinland-Pfalz
04160	Renningen-Ihinger Hof	Baden-Württemberg
04166	Reutlingen-Betzingen	Baden-Württemberg
04169	Rheinau-Memprechtshofen	Baden-Württemberg
04174	Rheine-Bentlage	Nordrhein-Westfalen
04175	Rheinfelden	Baden-Württemberg
04177	Rheinstetten	Baden-Württemberg
04189	Altheim, Kreis Biberach	Baden-Württemberg
04222	Rodewisch	Sachsen
04225	Roding-Wetterfeld	Bayern
04233	Röhrigshof bei Schlüchtern	Hessen
04240	Roetgen	Nordrhein-Westfalen
04261	Rosenheim	Bayern
04270	Rostock	Mecklenburg-Vorpommern
04271	Rostock-Warnemünde	Mecklenburg-Vorpommern
04275	Rotenburg (Wümme)	Niedersachsen
04278	Roth bei Nürnberg	Bayern
04279	Roth bei Prüm	Rheinland-Pfalz
04280	Roth	Bayern
04287	Rothenburg ob der Tauber	Bayern
04288	Rothenfelde, Bad	Niedersachsen
04293	Rottach-Egern	Bayern
04294	Rottenburg-Kiebingen	Baden-Württemberg
04300	Rottweil	Baden-Württemberg
04301	Kreuznach, Bad	Rheinland-Pfalz
04318	Ruhpolding	Bayern
04320	Ruhwinkel	Schleswig-Holstein
04323	Ruppertsecken	Rheinland-Pfalz
04327	Rusel-Irlmoos	Bayern
04330	Rutesheim	Baden-Württemberg
04332	Saalfeld	Thüringen
04333	Saara-Großsaara	Thüringen
04335	Saarbrücken (Röchling)	Saarland
04336	Saarbrücken-Ensheim	Saarland
04338	Saarbrücken (Wasserwerk)	Saarland
04339	Saarbrücken-Sankt Johann	Saarland
04343	Saarlouis	Saarland
04347	Sachsa, Bad	Niedersachsen
04349	Sachsenheim	Baden-Württemberg
04350	Säckingen, Bad (Bergseestr.)	Baden-Württemberg
04354	Saldenburg-Entschenreuth	Bayern
04364	Salzgitter-Ringelheim	Niedersachsen
04367	Salzhemmendorf-Lauenstein	Niedersachsen
04371	Salzuflen, Bad	Nordrhein-Westfalen
04373	Salzwedel	Sachsen-Anhalt
04377	Sandberg	Bayern
04386	Sankt Blasien	Baden-Württemberg
04390	Sankt Märgen	Baden-Württemberg
04391	Sankt Michaelisdonn	Schleswig-Holstein
04393	Sankt Peter-Ording	Schleswig-Holstein
04396	Sankt Wendel-Hof	Saarland
04397	Sankt Wendel-Urweiler	Saarland
04401	Sassendorf, Bad-Ostinghausen	Nordrhein-Westfalen
04411	Schaafheim-Schlierbach	Hessen
04419	Schallstadt-Mengen	Baden-Württemberg
04424	Schauinsland (UBA)	Baden-Württemberg
04425	Schaumberg-Tholey	Saarland
04429	Scheidegg	Bayern
04433	Schemmerhofen-Ingerkingen	Baden-Württemberg
04436	Schenklengsfeld	Hessen
04438	Scheßlitz	Bayern
04442	Schieder	Nordrhein-Westfalen
04445	Wernigerode-Schierke	Sachsen-Anhalt
04464	Schleiz	Thüringen
04466	Schleswig	Schleswig-Holstein
04468	Schleswig-Stadtfeld	Schleswig-Holstein
04469	Schleusingen	Thüringen
04471	Schliersee (A)	Bayern
04474	Schlossböckelheim	Rheinland-Pfalz
04477	Schluchsee	Baden-Württemberg
04479	Schlüchtern-Kloster Gomfritz	Hessen
04480	Schlüchtern-Herolz	Hessen
04484	Schmalenbeck	Schleswig-Holstein
04485	Schmalkalden, Kurort	Thüringen
04489	Schmatzfeld	Sachsen-Anhalt
04490	Schmelz-Hüttersdorf	Saarland
04496	Schmiedeberg, Bad	Sachsen-Anhalt
04501	Schmücke	Thüringen
04505	Schnarrtanne-Vogelsgrün	Sachsen
04508	Schneifelforsthaus	Rheinland-Pfalz
04517	Schömberg, Kr. Calw	Baden-Württemberg
04548	Schönwald/Ofr.-Brunn	Bayern
04549	Schönwald/Schwarzwald	Baden-Württemberg
04556	Schonach	Baden-Württemberg
04557	Schopfheim-Eichen	Baden-Württemberg
04559	Schorndorf-Knöbling	Bayern
04560	Schotten	Hessen
04571	Schulenberg	Niedersachsen
04576	Schwabach (A)	Bayern
04581	Schwäbisch Gmünd-Strassdorf	Baden-Württemberg
04582	Schwäbisch Hall-Bibersfeld	Baden-Württemberg
04583	Schwäbisch Gmünd (Wind)	Baden-Württemberg
04584	Schwaigermoos	Bayern
04586	Schwalbach, Bad	Hessen
04592	Schwandorf	Bayern
04593	Schwanebeck	Sachsen-Anhalt
04597	Schwangau-Horn	Bayern
04605	Schwarzburg	Thüringen
04606	Schwarze Pumpe	Brandenburg
04612	Schwarzenberg	Sachsen
04621	Schweinfurt-Gartenstadt	Bayern
04625	Schwerin	Mecklenburg-Vorpommern
04629	Schwesing	Schleswig-Holstein
04642	Seehausen	Sachsen-Anhalt
04649	Seelscheid	Nordrhein-Westfalen
04651	Seesen	Niedersachsen
04656	Segeberg, Bad	Schleswig-Holstein
04663	Selb/Selbbach	Bayern
04664	Selb/Oberfranken-Wildenau	Bayern
04665	Selbach (Tholey)	Saarland
04678	Sengwarden	Niedersachsen
04692	Siegen (Kläranlage)	Nordrhein-Westfalen
04702	Sigmaringen (Flugplatz)	Baden-Württemberg
04703	Sigmaringen-Laiz	Baden-Württemberg
04704	Sigmarszell-Zeisertsweiler	Bayern
04705	Silberhütte	Bayern
04706	Simbach/Inn	Bayern
04709	Simmern-Wahlbach	Rheinland-Pfalz
04719	Sinsheim	Baden-Württemberg
04729	Steinau-Seidenroth	Hessen
04735	Söllingen	Baden-Württemberg
04741	Solingen-Hohenscheid	Nordrhein-Westfalen
04745	Soltau	Niedersachsen
04748	Sondershausen	Thüringen
04752	Sonneberg-Neufang	Thüringen
04763	Sontra	Hessen
04765	Sooden-Allendorf, Bad	Hessen
04775	Speinshart	Bayern
04782	Spören-Prussendorf	Sachsen-Anhalt
04806	Stadtilm	Thüringen
04813	Staffelstein, Bad-Stublang	Bayern
04818	Stammbach-Querenbach	Bayern
04837	Stegen	Baden-Württemberg
04841	Steinau, Kr. Cuxhaven	Niedersachsen
04847	Steinberg	Niedersachsen
04857	Mittelnkirchen-Hohenfelde	Niedersachsen
04878	Oberharz am Brocken-Stiege	Sachsen-Anhalt
04880	Stimpfach-Weipertshofen	Baden-Württemberg
04881	Stockach	Baden-Württemberg
04886	Störsperrwerk	Schleswig-Holstein
04887	Stötten	Baden-Württemberg
04896	Wagersrott	Schleswig-Holstein
04911	Straubing	Bayern
04919	Strucklahnungshörn	Schleswig-Holstein
04926	Stuttgart (Neckartal)	Baden-Württemberg
04927	Stuttgart-Stadt	Baden-Württemberg
04928	Stuttgart (Schnarrenberg)	Baden-Württemberg
04929	Stuttgart (Schnarrenberg Aero)	Baden-Württemberg
04931	Stuttgart-Echterdingen	Baden-Württemberg
04933	Stuttgart-Hohenheim	Baden-Württemberg
04939	Suderode, Bad	Sachsen-Anhalt
04945	Sülzhayn	Thüringen
04947	Süpplingen	Niedersachsen
04963	Sundhausen	Thüringen
04966	Tabarz/Thüringer Wald	Thüringen
04977	Tangermünde	Sachsen-Anhalt
04978	Tann/Rhön	Hessen
04987	Tauberbischofsheim-Dittigheim	Baden-Württemberg
04996	Tegernsee	Bayern
04997	Starkenberg-Tegkwitz	Thüringen
05009	Teterow	Mecklenburg-Vorpommern
05014	Worpswede-Hüttenbusch	Niedersachsen
05017	Teuschnitz	Bayern
05024	Möckern-Räckendorf	Sachsen-Anhalt
05029	Tholey	Saarland
05032	Thüngersheim	Bayern
05039	Tiefenort	Thüringen
05046	Tirschenreuth-Lodermühl	Bayern
05047	Titisee-Neustadt-Langenordnach	Baden-Württemberg
05049	Titisee-Neustadt-Titisee	Baden-Württemberg
05059	Todtmoos	Baden-Württemberg
05063	Tölz, Bad	Bayern
05064	Tönisvorst	Nordrhein-Westfalen
05067	Torfhaus im Solling	Niedersachsen
05068	Torgau	Sachsen
05074	Traunstein-Sparz	Bayern
05075	Traunstein-Axdorf	Bayern
05078	Travemünde	Schleswig-Holstein
05088	Trent	Mecklenburg-Vorpommern
05094	Triberg	Baden-Württemberg
05095	Triberg (Kurpark)	Baden-Württemberg
05097	Tribsees	Mecklenburg-Vorpommern
05099	Trier-Zewen	Rheinland-Pfalz
05100	Trier-Petrisberg	Rheinland-Pfalz
05105	Trochtelfingen	Baden-Württemberg
05107	Trochtelfingen-Wilsingen	Baden-Württemberg
05109	Trollenhagen	Mecklenburg-Vorpommern
05111	Trostberg	Bayern
05120	Tübingen	Baden-Württemberg
05127	Tuttlingen	Baden-Württemberg
05128	Tuttlingen-Möhringen-Vorstadt	Baden-Württemberg
05133	Twistetal-Mühlhausen	Hessen
05138	Überlingen/Bodensee	Baden-Württemberg
05142	Ueckermünde	Mecklenburg-Vorpommern
05146	Uelzen	Niedersachsen
05149	Gollhofen	Bayern
05154	Ulm-Wilhelmsburg	Baden-Württemberg
05155	Ulm	Baden-Württemberg
05158	Ummendorf	Sachsen-Anhalt
05165	Unterlüß	Niedersachsen
05185	Uttenreuth	Bayern
05226	Vilgertshofen	Bayern
05229	Villingen-Schwenningen	Baden-Württemberg
05236	Visbek	Niedersachsen
05244	Völklingen-Stadt	Saarland
05245	Völklingen (Kraftwerk-Fenne)	Saarland
05249	Vogtareuth (A)	Bayern
05250	Vogtsburg-Oberrotweil	Baden-Württemberg
05252	Voldagsen	Niedersachsen
05267	Wackersleben	Sachsen-Anhalt
05275	Waghäusel-Kirrlach	Baden-Württemberg
05277	Wahlen	Hessen
05279	Wesertal-Lippoldsberg	Hessen
05280	Wittenborn	Schleswig-Holstein
05282	Wahnsdorf bei Dresden	Sachsen
05284	Waiblingen	Baden-Württemberg
05289	Waldachtal-Lützenhardt	Baden-Württemberg
05291	Waldau-Jostal	Baden-Württemberg
05296	Waldeck	Hessen
05300	Waldems-Reinborn	Hessen
05306	Waldhäuser (National Park)	Bayern
05308	Waldhof (Lüneburger Heide UBA)	Niedersachsen
05317	Waldsassen	Bayern
05319	Waldsee, Bad-Reute	Baden-Württemberg
05320	Waldshut	Baden-Württemberg
05327	Walldürn	Baden-Württemberg
05335	Waltershausen	Thüringen
05344	Wangerooge	Niedersachsen
05347	Warburg	Nordrhein-Westfalen
05349	Waren (Müritz)	Mecklenburg-Vorpommern
05361	Wartenberg-Angersbach	Hessen
05369	Wasserburg	Bayern
05371	Wasserkuppe	Hessen
05377	Watzmannhaus	Bayern
05397	Weiden	Bayern
05398	Weidenbach, Kr.Ansbach	Bayern
05403	Weigenheim-Reusch	Bayern
05404	Weihenstephan-Dürnast	Bayern
05410	Weilburg (Kläranlage)	Hessen
05412	Weilheim-Bierbronnen	Baden-Württemberg
05419	Weimar	Thüringen
05424	Weimar-Schöndorf	Thüringen
05426	Weinbiet	Rheinland-Pfalz
05429	Weinsberg	Baden-Württemberg
05431	Weisen bei Wittenberge	Sachsen-Anhalt
05433	Weiskirchen/Saar	Saarland
05434	Weismain	Bayern
05435	Weissach	Baden-Württemberg
05440	Weißenburg-Emetzheim	Bayern
05442	Weißenfels	Sachsen-Anhalt
05445	Weißensee-Ottenhausen	Thüringen
05453	Weisweil-Waldeckhof	Baden-Württemberg
05460	Wellendingen	Baden-Württemberg
05463	Wellmitz	Brandenburg
05467	Wendelstein	Bayern
05480	Werl	Nordrhein-Westfalen
05488	Mühlhausen, Kr. Schweinfurt	Bayern
05490	Wernigerode	Sachsen-Anhalt
05498	Wertheim-Eichel	Baden-Württemberg
05514	Westerland	Schleswig-Holstein
05515	Westerland (UBA)	Schleswig-Holstein
05516	Fehmarn	Schleswig-Holstein
05533	Wieda	Niedersachsen
05538	Wielenbach (Demollstr.)	Bayern
05540	Wiesbaden (Süd)	Hessen
05541	Wiesbaden-Auringen	Hessen
05543	Wiesbaden-Dotzheim	Hessen
05546	Wiesenburg	Brandenburg
05559	Wildbad, Bad-Calmbach	Baden-Württemberg
05560	Wildbad, Bad-Sommerberg	Baden-Württemberg
05562	Neubulach-Oberhaugstett	Baden-Württemberg
05564	Wildenrath	Nordrhein-Westfalen
05568	Wildungen, Bad	Hessen
05575	Wilhelmshaven	Niedersachsen
05582	Willingen/Upland	Hessen
05583	Willingen/Upland-Usseln	Hessen
05609	Winterbach, Rems-Murr-Kreis	Baden-Württemberg
05610	Winterberg	Nordrhein-Westfalen
05624	Wismar	Mecklenburg-Vorpommern
05629	Wittenberg	Sachsen-Anhalt
05640	Wittmundhafen	Niedersachsen
05642	Wittstock	Brandenburg
05643	Wittstock-Rote Mühle	Brandenburg
05644	Witzenhausen	Hessen
05654	Wörnitz-Bottenweiler	Bayern
05663	Woldegk	Mecklenburg-Vorpommern
05664	Wolfach	Baden-Württemberg
05665	Wolfegg	Baden-Württemberg
05675	Wolfsburg	Niedersachsen
05676	Wolfsburg (Südwest)	Niedersachsen
05681	Wolfstein/Pfalz	Rheinland-Pfalz
05688	Dachsberg-Wolpadingen	Baden-Württemberg
05692	Worms	Rheinland-Pfalz
05703	Würzburg/Main	Bayern
05705	Würzburg	Bayern
05707	Würzburg (Physikalisches-Institut)	Bayern
05715	Wunstorf	Niedersachsen
05717	Wuppertal-Buchenhofen	Nordrhein-Westfalen
05719	Remscheid	Nordrhein-Westfalen
05728	Wustrau-Ziethenhorst	Brandenburg
05731	Wutöschingen-Ofteringen	Baden-Württemberg
05732	Wrixum/Föhr	Schleswig-Holstein
05745	Zehdenick	Brandenburg
05750	Zeitz	Sachsen-Anhalt
05761	Zerbst	Sachsen-Anhalt
05778	Zinnowitz	Mecklenburg-Vorpommern
05779	Zinnwald-Georgenfeld	Sachsen
05781	Zittau	Sachsen
05792	Zugspitze	Bayern
05797	Lichtentanne	Sachsen
05800	Zwiesel	Bayern
05802	Zwieselberg	Bayern
05821	Bassum (A)	Niedersachsen
05822	Bassum	Niedersachsen
05825	Berge	Brandenburg
05832	Dannenberg	Niedersachsen
05839	Emden	Niedersachsen
05841	Enzklösterle (A)	Baden-Württemberg
05851	Frankenberg-Geismar	Hessen
05856	Fürstenzell	Bayern
05871	Hahn	Rheinland-Pfalz
05877	Putlos	Schleswig-Holstein
05885	Kirchheim/Teck-Ötlingen	Baden-Württemberg
05890	Kohlgrub, Bad (A)	Bayern
05898	Ludwigsburg	Baden-Württemberg
05904	Mainburg	Bayern
05906	Mannheim	Baden-Württemberg
05912	Malsfeld	Hessen
05920	Neuwied	Rheinland-Pfalz
05930	Schönhagen (Ostseebad)	Schleswig-Holstein
05941	Reit im Winkl	Bayern
05971	Welzheim (A)	Baden-Württemberg
06086	Melchow-Schönholz	Brandenburg
06091	Spiekeroog (SWN)	Niedersachsen
06093	Wendisch Evern	Niedersachsen
06095	Taubenheim-Seeligstadt	Sachsen
06096	Altmühlsee	Bayern
06097	Darßer Ort (SWN)	Mecklenburg-Vorpommern
06098	Stockach-Espasingen	Baden-Württemberg
06099	Gailingen	Baden-Württemberg
06101	Bastorf-Kägsdorf (SWN)	Mecklenburg-Vorpommern
06102	Lindau (SWN)	Bayern
06103	Mittenwald/Obb.	Bayern
06105	Ostenfeld (Rendsburg)	Schleswig-Holstein
06106	Rechlin	Mecklenburg-Vorpommern
06107	Sipplingen (SWN)	Baden-Württemberg
06108	Ruthenstrom	Niedersachsen
06109	Grambow-Schwennenz	Mecklenburg-Vorpommern
06110	Medow-Wussentin	Mecklenburg-Vorpommern
06112	Stralsund-Devin	Mecklenburg-Vorpommern
06129	Sohland/Spree	Sachsen
06136	Dillenburg-Niederscheld (Kläranlage)	Hessen
06157	Wangerland-Hooksiel	Niedersachsen
06158	Weidenbach-Weiherschneidbach	Bayern
06159	Dörpen	Niedersachsen
06163	Dörnick	Schleswig-Holstein
06170	Coschen	Brandenburg
06181	Kassel-Wilhelmshöhe	Hessen
06182	Mallersdorf-Pfaffenberg	Bayern
06183	Westerland (Wind)	Schleswig-Holstein
06184	Wilhelmshaven (Flugplatz)	Niedersachsen
06186	Nastätten	Rheinland-Pfalz
06189	Rotenburg (Wümme) (Flugplatz)	Niedersachsen
06192	Münster am Stein, Bad	Rheinland-Pfalz
06196	Selb-Spielberg	Bayern
06197	Lügde-Paenbruch	Nordrhein-Westfalen
06199	Steinhagen-Negast	Mecklenburg-Vorpommern
06211	Vogtareuth (Kläranlage)	Bayern
06217	Saarbrücken-Burbach	Saarland
06219	Dollnstein-Breitenfurt	Bayern
06221	Krummhörn (Hooge)	Niedersachsen
06238	Starnberg-Perchting	Bayern
06242	Mülheim-Kärlich	Rheinland-Pfalz
06243	Philippsburg KKW	Baden-Württemberg
06244	Obrigheim	Baden-Württemberg
06245	Neckarwestheim KKW	Baden-Württemberg
06247	Dogern (Leibstadt)	Baden-Württemberg
06253	Brandenburg/Havel	Brandenburg
06255	Perl/Saar	Saarland
06258	Friedrichshafen-Unterraderach	Baden-Württemberg
06259	Großerlach-Mannenweiler	Baden-Württemberg
06260	Ingelfingen-Stachenhausen	Baden-Württemberg
06262	Schwäbisch Gmünd-Weiler	Baden-Württemberg
06263	Singen	Baden-Württemberg
06264	Brilon-Thülen	Nordrhein-Westfalen
06265	Wusterwitz	Brandenburg
06266	Huy-Pabstorf	Sachsen-Anhalt
06272	Salzungen, Bad-Gräfen-Nitzendorf	Thüringen
06273	Demker	Sachsen-Anhalt
06275	Notzingen	Baden-Württemberg
06277	Wolfsburg (Schleuse)	Niedersachsen
06304	Pilsach-Litzlohe	Bayern
06305	Mühlhausen/Thüringen-Görmar	Thüringen
06310	Karlshagen	Mecklenburg-Vorpommern
06312	Markt Erlbach-Mosbach	Bayern
06314	Nossen	Sachsen
06336	Lohr/Main-Halsbach	Bayern
06337	Lüdinghausen-Brochtrup	Nordrhein-Westfalen
06344	Runkel-Ennerich	Hessen
06346	Maisach-Galgen	Bayern
06347	Schonungen-Mainberg	Bayern
07075	Elsendorf-Horneck	Bayern
07099	Liebenburg-Othfresen	Niedersachsen
07105	Siegsdorf-Höll	Bayern
07106	Bielefeld-Deppendorf	Nordrhein-Westfalen
07135	Aulendorf-Haslach	Baden-Württemberg
07187	Freudenberg/Main-Boxtal	Baden-Württemberg
07244	Neuglobsow (HM)	Brandenburg
07298	Hattstedt	Schleswig-Holstein
07308	Wielenbach	Bayern
07319	Donauwörth-Osterweiler	Bayern
07321	Olbersleben	Thüringen
07329	Treuen	Sachsen
07330	Arnsberg-Neheim	Nordrhein-Westfalen
07331	Hermaringen-Allewind	Baden-Württemberg
07341	Offenbach-Wetterpark	Hessen
07343	Deutschneudorf-Brüderwiese	Sachsen
07350	Prackenbach-Neuhäusl	Bayern
07351	Feldberg/Mecklenburg	Mecklenburg-Vorpommern
07364	Jeßnitz	Sachsen-Anhalt
07367	Alfeld	Niedersachsen
07368	Eisenach	Thüringen
07369	Feuchtwangen-Heilbronn	Bayern
07370	Waldmünchen	Bayern
07373	Borkum-Flugplatz	Niedersachsen
07374	Ahaus	Nordrhein-Westfalen
07389	Heckelberg	Brandenburg
07391	Oberzent-Beerfelden-Vogelherd	Hessen
07392	Aubstadt	Bayern
07393	Hoyerswerda	Sachsen
07394	Wunsiedel-Schönbrunn	Bayern
07395	Gottfrieding	Bayern
07396	Hoherodskopf/Vogelsberg	Hessen
07403	Leutkirch-Herlazhofen	Baden-Württemberg
07410	Neu-Ulrichstein	Hessen
07412	Neuhütten/Spessart	Bayern
07416	Birkelbach	Nordrhein-Westfalen
07419	Langenwetzendorf-Göttendorf	Thüringen
07420	Naumburg/Saale-Kreipitzsch	Sachsen-Anhalt
07424	Piding	Bayern
07427	Padenstedt (Pony-Park)	Schleswig-Holstein
07428	Veilsdorf	Thüringen
07431	Oberhaching-Laufzorn	Bayern
07432	Wittingen-Vorhop	Niedersachsen
10510	Winterbach/Remstal	Baden-Württemberg
13667	Freiburg-Mitte	Baden-Württemberg
13670	Duisburg-Baerl	Nordrhein-Westfalen
13674	Waibstadt	Baden-Württemberg
13675	Hameln-Hastenbeck	Niedersachsen
13676	Langquaid-Oberschneidhart	Bayern
13693	Gütersloh/Ems	Nordrhein-Westfalen
13696	Waltrop-Abdinghof	Nordrhein-Westfalen
13700	Gevelsberg-Oberbröking	Nordrhein-Westfalen
13701	Eschwege-Eltmannshausen	Hessen
13710	Landshut-Reithof	Bayern
13711	Krölpa-Rockendorf	Thüringen
13713	Meinerzhagen-Redlendorf	Nordrhein-Westfalen
13776	Hildesheim-Drispenstedt	Niedersachsen
13777	Helmstedt-Emmerstedt	Niedersachsen
13876	Altenberg-Raupennest	Sachsen
13886	Pößneck	Thüringen
13900	Soden,Bad-Salmünster (Kläranlage)	Hessen
13901	Haltern (Wasserwerk)	Nordrhein-Westfalen
13904	Nordseeboje 2	Hamburg
13932	Rotthalmünster (Landwirtschaftsamt)	Bayern
13952	Arnsberg-Müschede	Nordrhein-Westfalen
13965	Balingen-Bronnhaupten	Baden-Württemberg
14003	Kaufbeuren (Flugplatz)	Bayern
14311	Hersdorf-Weißenseifen	Rheinland-Pfalz
15000	Aachen-Orsbach	Nordrhein-Westfalen
15044	Neuwied-Feldkirchen-Hüllenberg	Rheinland-Pfalz
15120	Haaren	Nordrhein-Westfalen
15122	Ergersheim-Neuherberg	Bayern
15189	Sukow-Levitzow	Mecklenburg-Vorpommern
15190	Xanten (Wasserwerk)	Nordrhein-Westfalen
15200	Wuppertal	Nordrhein-Westfalen
15207	Schauenburg-Elgershausen	Hessen
15214	Halblech-Bayerniederhofen	Bayern
15444	Ulm-Mähringen	Baden-Württemberg
15520	Frasdorf-Greimelberg	Bayern
15526	Hamburg (Deutsche Seewarte)	Hamburg
15547	Heilbronn/Neckar	Baden-Württemberg
15555	Kaufbeuren-Oberbeuren	Bayern
15801	Hinterschmiding-Sonndorf	Bayern
15813	Lingen-Baccum	Niedersachsen
15911	Großpostwitz-Denkwitz	Sachsen
15926	Fronberg (Schwandorf)	Bayern
15951	Pirmasens (Kläranlage)	Rheinland-Pfalz
15963	St. Tönis	Nordrhein-Westfalen
15964	Krefeld-Mitte	Nordrhein-Westfalen
15965	Brückenau, Bad (Elisabethenhof)	Bayern
15976	Ober-Olm/Bellem	Rheinland-Pfalz
15978	Sembach	Rheinland-Pfalz
15979	Sargenroth	Rheinland-Pfalz
16085	Leherheide	Bremen
19087	Freyung vorm Wald	Bayern
19171	Hasenkrug-Hardebek	Schleswig-Holstein
19172	Wacken	Schleswig-Holstein
19207	Gülzow-Prüzen	Mecklenburg-Vorpommern
19243	Föhr	Schleswig-Holstein
19317	Oberschleißheim/Flugplatz	Bayern
19318	Schmalkalden	Thüringen
19364	Schmiedefeld/Rennsteig	Thüringen
19378	Finsterbergen	Thüringen
19433	Liebenstein, Bad	Thüringen
19510	Lucka	Thüringen
19576	Reinheim-Hundertmorgen	Hessen
19579	Bonndorf	Baden-Württemberg
19580	Urach, Bad/Erms	Baden-Württemberg
19581	Enzklösterle/Schwarzwald	Baden-Württemberg
19582	Königsfeld	Baden-Württemberg
19607	Cämmerswalde-Rauschenbach	Sachsen
19617	Burghaslach	Bayern
19631	Salzungen	Thüringen
19647	Eberbach/Neckar	Baden-Württemberg
19774	Nordhausen (Umspannwerk)	Thüringen
19781	Ingolstadt	Bayern
19794	Amberg (Mariahilfberg)	Bayern
19911	Gerstungen/Thüringen	Thüringen
